{"type":"Topology","objects":{"phoenix2":{"type":"Polygon","arcs":[[0]]}},"arcs":[[[1722,66453],[15621,51],[416,5411],[4474,0],[2217,-5529],[9404,168],[89,4269],[1842,84],[1930,5227],[2534,-1042],[-257,3075],[5484,404],[3890,-4051],[614,3546],[11275,-117],[-60,17798],[3900,17],[0,4151],[11741,84],[108,-16773],[11493,101],[10,-3277],[-2801,-27143],[-20580,84],[-60,-21563],[-1910,-706],[-10,-2790],[3950,51],[5335,6202],[4405,-572],[-20,3412],[5267,-471],[6355,3950],[9027,-1278],[80,-5462],[2514,-252],[-327,-27714],[-5840,84],[-10,2773],[-37814,-235],[50,-8319],[-18234,-101],[-11364,18840],[-8345,-1748],[-9661,2740],[-7405,-4689],[-1049,42117],[1722,9193]]],"transform":{"scale":[0.000008896594525807336,0.00000524002548292951],"translate":[-112.47031599380475,33.29028082502212]}}