{"type":"Topology","objects":{"phoenix":{"type":"Polygon","arcs":[[0]]}},"arcs":[[[17224,664537],[156207,504],[4157,54118],[44744,0],[22174,-55294],[94040,1681],[891,42689],[18413,840],[19303,52269],[25341,-10420],[-2574,30756],[54841,4033],[38903,-40504],[6138,35462],[112749,-1176],[-594,177983],[39003,168],[0,41513],[117402,840],[1089,-167731],[114927,1008],[99,-32773],[-28014,-271428],[-205800,840],[-594,-215630],[-19105,-7058],[-99,-27900],[39497,505],[53355,62016],[44051,-5714],[-198,34118],[52663,-4706],[63552,39496],[90279,-12773],[791,-54622],[25144,-2521],[-3267,-277143],[-58404,840],[-99,27732],[-378142,-2353],[495,-83194],[-182340,-1008],[-113641,188403],[-83449,-17479],[-96614,27395],[-74045,-46891],[-10493,421176],[17224,91933]]],"transform":{"scale":[8.896514456376534e-7,5.239978322653003e-7],"translate":[-112.47031599380475,33.29028082502212]}}